original;redirect
https://abcglasses.com;https://abcglasses.com/
https://buckmans.com;https://buckmans.com/
https://designeroptics.com;https://designeroptics.com/
https://ebasesloaded.com;https://ebasesloaded.com/
https://eyezz.com;https://eyezz.com/
https://golfdirectnow.com;https://golfdirectnow.com/
https://hdosport.com;https://www.hdosport.com/
https://hillcrestsports.com;https://hillcrestsports.com/
https://icuracao.com;https://icuracao.com/
https://movatik.com;https://movatik.com/
https://otticalipari.it;https://otticalipari.it/it/
https://park2peak.com;https://park2peak.com/
https://safetygearpro.com;https://safetygearpro.com/
http://www.1242.eu;https://1242.eu
http://www.2eyeshop.com;https://www.2eyeshop.com/
http://www.321linsen.de;https://www.321linsen.de/
http://www.425motorsports.com;https://www.425motorsports.com/
http://www.4eyes.pl;https://4eyes.pl
http://www.5hoefe-optik.com;https://www.5hoefe-optik.com/home.html
http://www.abcgolf.co.uk;https://www.abcgolf.co.uk/
https://www.academy.com;https://www.academy.com/
http://www.academyandco.com;https://www.academyandco.com/
https://www.aclens.com;https://www.aclens.com/
http://www.activerideshop.com;https://www.activerideshop.com/
http://www.agelari.gr;https://agelari.gr/
http://www.agspecs.co.th;https://agspecs.co.th/
http://www.all4cycling.com;https://www.all4cycling.com/
http://www.almadepraia.com.br;https://www.almadepraia.com.br/
http://www.alpingaraget.se;https://alpingaraget.se/
http://www.alvernonoptical.com;https://alvernonoptical.com/
http://www.amazon.com;https://www.amazon.com/
http://www.ambushboardco.com;https://www.ambushskateboarding.com/
http://www.americasbest.com;https://www.americasbest.com/
http://www.amillionsunglasses.com;https://amillionsunglasses.com/
http://www.annscottage.com;https://www.annscottage.com/
http://www.antonakaki-optics.gr;https://antonakaki-optics.gr/el/
http://www.antonsport.no;https://www.antonsport.no/
http://www.arndt-weiss.de;https://www.arndt-weiss.de/start.html
http://www.arnette.com;https://www.arnette.com/en-us
http://www.arnikaufa.ru;https://arnikaufa.ru/
http://www.artscyclery.com;https://www.artscyclery.com/
http://www.asos.com;https://www.asos.com/
http://www.athleta.com;https://athleta.gap.com/
http://www.atlanticoptical.com.sg;https://www.atlanticoptical.com.sg/
http://www.augenart-muenchen.de;https://www.augenart-muenchen.de/
http://www.Augenliebe.de;https://www.augenliebe.de/
http://www.avottica.com;https://www.avottica.com/
http://www.babyshop.com;https://www.babyshop.com/
http://www.backwash.com.br;https://www.backwash.com.br/
http://www.bakkerracingproducts.nl;https://www.bakkerracingproducts.nl/
http://www.barclayandhurst.co.uk;https://www.opticiansdirect.co.uk/
https://www.baseballexpress.com;https://www.baseballexpress.com/
https://www.basspro.com;https://www.basspro.com/shop/en
https://www.befitting.com;https://www.befitting.com/en_us
http://www.beseen.gr;https://beseen.store/
http://www.bestbuyeyeglasses.com;https://www.bestbuyeyeglasses.com/
http://www.bicimarket.com;https://www.bicimarket.com/es/
http://www.bicyclechain.co.uk;https://www.bicyclechain.co.uk/
https://www.bigtallfanatics.com;https://www.bigtallfanatics.com/
http://www.bike-street.com;https://www.bike-street.com/
https://www.bikebling.com;https://www.bikebling.com/
http://www.bikeshop.no;https://bikeshop.no/
https://www.biketiresdirect.com;https://www.biketiresdirect.com/
http://www.blackdiamondsport.com;https://blackdiamondsport.com/
https://www.blauerboardshop.com;https://www.blauerboardshop.com/
http://www.blauersnowboards.com;https://www.blauerboardshop.com/
https://www.bobwards.com;https://www.bobwards.com/
http://www.boltonoptical.com;https://www.boltonoptical.com/
http://www.brandfield.nl;https://www.brandfield.nl/
https://www.brandscycle.com;https://www.brandscycle.com/
http://www.braun.co;https://www.braun.co/
http://www.brilamsterdam.nl;https://www.brilamsterdam.nl/
http://www.brille54.com;https://brille54.com/
http://www.bromleybike.co.uk;https://www.bromleybike.co.uk/
http://www.brother2brother.co.uk;https://www.brother2brother.co.uk/
http://www.btv.co.th;https://www.btv.co.th/
http://www.cabelas.com;https://www.cabelas.com/shop/en
http://www.caliroots.com;https://www.caliroots.com:443/
http://www.campmor.com;https://www.campmor.com/
http://www.cardinamonteiro.com;https://www.cardinamonteiro.com/
http://www.careofcarl.com;https://www.careofcarl.com/
http://www.cavalierebici.it;https://cavalierebici.it/vendita/
http://www.cboptik.de;https://cboptik.de/
http://www.centralsurf.com.br;https://www.centralsurf.com.br/
http://www.centroopticoalpedrete.com;https://www.centroopticoalpedrete.com/tienda1/es/
http://www.centrootticorizzo.it/;https://www.centrootticorizzo.it/
https://www.chaosfishing.com;https://www.chaosfishing.com/home.asp
http://www.chaparral-racing.com;https://www.chapmoto.com/
http://www.chilelentes.cl;https://www.chilelentes.cl/
http://www.christysports.com;https://www.christysports.com/
http://www.ciclisport.com;https://www.ciclisport.com/
http://www.cimaco.com.mx;https://www.cimaco.com.mx/
http://www.cisport.co.uk;https://cisport.co.uk/
http://www.citysports.com;https://citysports.com/
https://www.cleanlinesurf.com;https://www.cleanlinesurf.com/
http://www.clearly.ca;https://www.clearly.ca/
http://www.cocky-kontaktni.cz;https://www.cocky-kontaktni.cz/
http://www.cockyshop.cz;https://www.cockyshop.cz/
http://www.coliseu.com.br;http://www.coliseu.com.br/
https://www.coloradocyclist.com;https://www.coloradocyclist.com/
http://www.congafasdesol.com;https://www.congafasdesol.com/
http://www.contactlenses.gr;https://www.contactlenses.gr/
http://www.coolokuliare.sk;https://www.coolokuliare.sk/
http://www.costco.com;https://www.costco.com/
http://www.coyoti.com;https://www.coyoti.com/
http://www.crocodileye.com;https://www.crocodileye.com/
http://www.cronos-optika.ru;https://www.cronos-optika.ru/
http://www.cyclegear.com;https://www.cyclegear.com/
http://www.cykelmagneten.com;https://cykelmagneten.com/
http://www.cykloteket.se;https://www.cykloteket.se/
http://www.dafiti.cl;https://www.dafiti.cl/
http://www.dalescycles.com;https://www.dalescycles.com/
http://www.dalpassoshop.it/;https://www.dalpassoshop.it/
http://www.danscomp.com;https://www.danscomp.com/
http://www.darksidesnowboards.com;https://www.darksidesnowboards.com/
http://www.demenego.it;https://www.demenego.it/
http://www.deportesmoya.es;https://deportesmoya.es/
http://www.Deporvillage.it;https://www.deporvillage.it/
https://www.designereyes.com;https://www.designereyes.com/
https://www.designerframesoutlet.com;https://www.designerframesoutlet.com/
http://www.designeriwear.net;https://designeriwear.net/
http://www.designeroptics.net;https://designeroptics.com/
http://www.DIBLOW.CO.UK;https://diblow.co.uk/
http://www.dolan-bikes.com;https://www.dolan-bikes.com/
http://www.doublest.jp;https://www.doublest.jp/
http://www.dportenis.mx;https://www.dportenis.mx:443/
http://www.dpstreet.mx;https://www.dpstreet.mx:443/
https://www.dresscodeclothing.com;https://www.dresscodeclothing.com/
http://www.dsw.com;https://www.dsw.com/
http://www.dutyfreedufry.com.br;https://brasil.shopdutyfree.com/pt/
http://www.e-okuliare.sk;https://www.e-okuliare.sk/
http://www.e-optometrija.lt;https://www.e-optometrijoscentras.lt/
http://www.easternboarder.com;https://easternboarder.com/
http://www.ebasesloaded.com;https://ebasesloaded.com/
http://www.ebay.co.uk;https://www.ebay.co.uk/
http://www.ecovisionoptica.es;https://www.ecovisionoptica.es/
http://www.edinburghbicycle.com;https://www.edinburghbicycle.com
http://www.eilers24-norden.de;https://www.eilers24-norden.de/
http://www.elcorteingles.es;https://www.elcorteingles.es/
http://www.elencse.hu;https://elencse.hu/
http://www.elightoptika.hu;https://elightoptika.hu/
http://www.elkor.lv;https://www.elkor.lv/
http://www.ELLIS-BRIGHAM.COM;https://www.ellis-brigham.com:443/
http://www.emagenetwork.com;https://www.emagenetwork.com/
http://www.endicentar.hr;https://endicentar.hr/
http://www.envyotica.com.br;https://www.envyotica.com.br/
http://www.eoptika.hu;https://eoptika.hu/
https://www.eriksbikeshop.com;https://www.eriksbikeshop.com/
https://www.eurooptic.com;https://www.eurooptic.com/
http://www.evaldsmtb.se;https://www.evaldsmtb.se/
http://www.evanscycles.com;https://www.evanscycles.com/
http://www.evereve.com;https://evereve.com:443/
https://www.evike.com;https://www.evike.com/
https://www.evo.com;https://www.evo.com/
http://www.evolutionbikes.it;https://evolutionbikes.it/
http://www.excelsports.com;https://www.excelsports.com/
http://www.extraoptical.no;https://extraoptical.no/
http://www.eye-d.gr;https://eye-d.gr/
http://www.eye-oo.it/;https://www.eye-oo.it/
http://www.eyeacademy.com;https://eyeacademy.com/
http://www.eyeart.gr;http://www.eyeart.gr/
http://www.eyecare-studio.com;https://www.eyecare-studio.com/
http://www.eyecareuniverse.com;https://www.eyecareuniverse.com/
http://www.eyeconcept.gr;https://www.eyeconcept.gr/
http://www.eyegen.com.sg;https://www.eyegen.com.sg/
https://www.eyeglasses.com;https://www.eyeglasses.com/
http://www.EYEKIT.CO;https://www.eyekit.co.uk/
http://www.eyelab.gr;https://www.eyelab.gr/
http://www.eyeland.gr;https://www.eyeland.gr/
http://www.eyelove.gr;https://www.eyelove.gr/
http://www.eyerim.sk;https://eyerim.sk
http://www.eyesfusion.com;http://www.eyesfusion.com/
http://www.eyeshop.com;https://www.eyeshop.com/fr/
http://www.eyewearthese.com;https://www.eyewearthese.com/
http://www.eyewish.nl;https://www.eyewish.nl/
http://www.eyezz.com;https://eyezz.com/
https://www.ezcontacts.com;https://www.ezcontacts.com/
http://www.factory-pilots.de;https://www.factory-pilots.de/
http://www.fairwaygolfusa.com;https://www.fairwaygolfusa.com/
https://www.fairwaystyles.com;https://www.fairwaystyles.com/
http://www.fakeoakleyoutlets.com;http://www.fakeoakleyoutlets.com/
http://www.famousfootwear.com;https://www.famousfootwear.com/
https://www.fanatics.com;https://www.fanatics.com/
https://www.fansedge.com;https://www.fansedge.com/
http://www.farhat.com;https://farhat.com/
http://www.fashiondays.hu;https://www.fashiondays.hu/
http://www.fashioneyewear.co.uk;https://www.fashioneyewear.com/
https://www.fashioneyewear.com;https://www.fashioneyewear.com/
http://www.fashionoptics.gr;https://fashionoptics.gr/
http://www.fasma-optica.gr;https://fasma-optica.gr/?SID=41i74n3u4mec2gb8kki25hq17k
http://www.Feelgoodcontacts.com;https://www.feelgoodcontacts.com/
http://www.fiene.de;https://www.fiene.de/
http://www.finishline.com;https://www.finishline.com/
http://www.firstframe.co.th;https://www.firstframe.co.th/
http://www.fjellsport.no;https://www.fjellsport.no/
http://www.flammerouge.cc;https://www.flammerouge.cc/
http://www.fluid-lines.co.uk;https://www.fluid-lines.co.uk/
http://www.footballfanatics.com;https://www.footballfanatics.com/
http://www.foppa.it/;https://foppa.it/
http://www.foremostgolf.com;https://www.foremostgolf.com/
http://www.foss-sport.no;https://www.foss-sport.no/
https://www.framesdirect.com;https://www.framesdirect.com/
http://www.frank-berghoff.de;https://www.frank-berghoff.de/
http://www.fundgrube.es;https://www.fundgrube.com/cny/cms
http://www.Fuva.nl;https://www.fuva.nl/
http://www.gafas.pl;https://www.gafas.pl/
http://www.gafasdesolymas.com;https://www.gafasdesolymas.com/
http://www.gafasweb.com;https://gafasweb.com/
http://www.GafasWorld.es;https://www.gafasworld.es/
http://www.galaxus.ch;https://www.galaxus.ch/
http://www.galls.com;https://www.galls.com/
http://www.galvanishop.com/it/;https://galvanishop.com/it/
http://www.gehrke-optik.de;http://www.gehrke-optik.de/
http://www.gertler-online.de;https://www.gertler-online.de/startseite.html
http://www.GIANT-LINCOLN.CO.UK;https://www.giant-lincoln.co.uk/gb
http://www.Giarre.com;https://www.giarre.com/
http://www.gkboptical.com;https://www.gkboptical.com/
http://www.glasogonmaster.se;https://www.glasogonmaster.se/
http://www.glasses123.co.uk;https://www.glasses123.co.uk/
http://www.glassesdirect.co.uk;https://www.glassesdirect.co.uk:443/
https://www.glassesonweb.com;https://www.glassesonweb.com/
http://www.glassespeople.co.kr;http://www.glassespeople.co.kr/
http://www.glasstor.com;https://www.glasstor.com/
https://www.globalgolf.com;https://www.globalgolf.com/
https://www.go-optic.com;https://www.go-optic.com/
http://www.golfballs.com;https://www.golfballs.com/
http://www.golfbase.co.uk;https://www.golfbase.co.uk/
http://www.golfgeardirect.co.uk;https://www.golfgeardirect.co.uk/
http://www.goodoptics.gr;https://www.goodoptics.gr/
https://www.goodsports.com;https://www.goodsports.com/
http://www.gooptic.com;https://www.gooptic.com/home
http://www.GOOUTDOORS.CO.UK;https://www.gooutdoors.co.uk/
http://www.grandoptical.gr;https://www.grandoptical.gr/el/
http://www.greatoutdoors.ie;https://greatoutdoors.ie/
http://www.greavessports.com;https://www.greavessports.com/
http://www.gruppotticasara.it;https://www.gruppotticasara.it/
http://www.gsport.no;https://www.intersport.no
http://www.gweleo.com;https://www.gweleo.com/
http://www.hargrovescycles.co.uk;https://www.hargrovescycles.co.uk/
http://www.hawaiivirtual.com.br;https://www.hawaiisurfpoint.com.br/
http://www.hbx.com;https://hbx.com/
http://www.henrikssonscykel.se;https://www.henrikssonscykel.se/
http://www.hetzl-hirsch.de;https://www.hetzl-hirsch.de/
http://www.HILLIERJEWELLERS.CO.UK;https://www.hillierjewellers.co.uk/
http://www.himalayaoptical.com;https://himalayaoptical.com/
http://www.hites.com;https://www.hites.com/
http://www.hoergeraete-pohland.de;https://hoergeraete-pohland.de/
http://www.hollingsworthcycles.ie;https://www.hollingsworthcycles.ie
http://www.hosz.pl;https://www.hosz.pl/
http://www.hotsunglass.co.kr;https://www.hotsunglass.co.kr/
http://www.hubben-shop.de;https://www.hubben-shop.de/
http://www.i-bryle.cz;https://www.ibryle.cz/
http://www.ibikes.cl;https://www.ibikes.cl/
http://www.iloveyourglasses.com;https://www.iloveyourglasses.com/
http://www.intersport.dk;https://www.intersport.dk/
http://www.intersport.no;https://www.intersport.no/
http://www.j3competition.com;https://www.j3competition.com/?v=757e5b5109ed
http://www.jackssurfboards.com;https://jackssurfboards.com/
http://www.jamesleonard.com;https://jamesleonard.com/
http://www.jellyfishsurfshop.com;https://jellyfishsurfshop.com/
http://www.jim-allan.com;https://www.jim-allan.com/
http://www.jorgeoculista.pt;https://www.jorgeoculista.pt/
https://www.joylot.com;https://www.joylot.com/
http://www.joyoptics.bg;https://joyoptics.bg/
http://www.juwelierluitjens.com;https://juwelierluitjens.nl/
http://www.juweliermeiller.de;https://www.juweliermeiller.de/
http://www.karakassis.gr;https://karakassis.gr/
http://www.kasparian.gr;https://kasparian.gr/
http://www.kodano.hu;https://kodano.hu/
http://www.kodano.pl;https://kodano.pl/
http://www.kodano.sk;https://kodano.sk/
https://www.kohls.com;https://www.kohls.com/
http://www.konvayo.com;https://www.konvayo.ro/
http://www.koumpios.gr;https://www.koumpios.gr/
http://www.krys.com;https://www.krys.com/
http://www.laboutiqueeyewear.com;https://www.laboutiqueeyewear.com/
http://www.laboutiqueofficielle.com;https://www.laboutiqueofficielle.com/
http://www.ladoeste.de;https://www.ladoeste.de/
http://www.lamoda.ru;https://www.lamoda.ru/
http://www.lannasport.se;https://www.lannasport.se/
http://www.laopticaonline.es;https://www.laopticaonline.es/inicio.html
https://www.lavishspecs.com;https://www.lavishspecs.com/
http://www.lboshop.it;https://www.lboshop.it/
http://www.LEISURELAKESBIKES.COM;https://www.leisurelakesbikes.com/
http://www.lencse.hu;https://lencse.hu/
http://www.lencsek.hu;https://lencsek.hu/
http://www.lens.cl;https://lens.cl/
http://www.lens4u.ru;https://optictrend.ru/
http://www.lensa.ro;https://lensa.ro/
http://www.lenscrafters.co.in;http://www.lenscrafters.co.in/
http://www.lensdirect.com;https://www.lensdirect.com/
http://www.lensmaster.ru;https://www.lensmaster.ru/
http://www.lensmile.de;https://www.lensmile.de/
http://www.Lentes-de-contacto.es;https://www.lentes-de-contacto.es/
http://www.Lentiamo.it;https://www.lentiamo.it/
http://www.lentiexpress.es;https://www.visiondirect.es?business=redir_lentiexpresses&
http://www.level6.com;https://www.level6.com/
http://www.lids.com;https://www.lids.com/
http://www.Linsensuppe.de;https://www.linsensuppe.de/
http://www.Linz-club.ru;https://linz-club.ru/
http://www.liverpool.com.mx;https://www.liverpool.com.mx/tienda/home
http://www.lohade.com;https://www.lohade.com/
http://www.lojakings.com.br;https://www.lojakings.com.br/
http://www.lookkata.com;https://lookkata.com/
http://www.lordandtaylor.com;https://lordandtaylor.com/
http://www.lovell-rugby.co.uk;https://www.lovell-rugby.co.uk/
http://www.luggagebase.com;https://www.luggagebase.com/
http://www.lumaxopticos.com;http://www.lumaxopticos.com/
http://www.lunettes.ru;https://www.lunettes.ru/
http://www.Lunettesdesoleil.com;https://www.lunettesdesoleil.com/
http://www.luxeyeoptical.com;https://www.luxeyeoptical.com/
http://www.luxotticaminio.com/;http://www.luxotticaminio.com/
http://www.markaalen.gr;https://markaalen.gr/
http://www.markakis.gr;https://www.markakis.gr/
http://www.marpeopticos.com;http://marpeopticos.com/
http://www.marquessoares.pt;https://www.marquessoares.pt/pt/
http://www.martin-optik-nittenau.de;https://www.martin-optik-nittenau.de/
http://www.MASDINGS.COM;https://www.masdings.com/
http://www.maxisport.com;https://www.maxisport.com/
http://www.mcconveycycles.com;https://www.mcconveycycles.com/
http://www.miaburton.com;https://miaburton.com/en
http://www.midwayusa.com;https://www.midwayusa.com/
http://www.migafa.com;https://www.migafa.com/index.php?gc=1
http://www.mijnleesbril.nl;https://www.mijnleesbril.nl/
http://www.misgafasdesol.com;https://www.misgafasdesol.com/
http://www.misterrunning.com;https://www.misterrunning.com/it/
http://www.mltd.com;https://www.mltd.com/
http://www.mohsport.no;http://www.mohsport.no/
http://www.momoshop.com.tw;http://www.momoshop.com.tw/
http://www.mortongolfsales.com;https://www.mortongolfsales.com/
http://www.motorhelmets.com;https://motorhelmets.com/
http://www.mr-sunglass.com;https://www.mr-sunglass.com/en/
http://www.mrporter.com;https://www.mrporter.com/en-it/
http://www.mtbstore.se;https://www.mtbstore.se/
http://www.my-optika.ru;https://my-optika.ru/
http://www.mymonture.com;https://www.mymonture.com/
http://www.myoptical.gr;https://www.myoptical.gr/
http://www.myoptiker.de;https://www.myoptiker.de/
http://www.mytheresa.com;https://www.mytheresa.com/en-it/?log=geo&loc=f
http://www.mytriathlon.co.uk;https://mytriathlon.co.uk/
http://www.nativoexclusive.com;https://www.nativoexclusive.com/
http://www.nemezis.net.pl;https://nemezis.net.pl/
http://www.nencinisport.it;https://www.nencinisport.it/it/
http://www.neoptic.gr;https://neoptic.gr/
http://www.net-a-porter.com;https://www.net-a-porter.com/en-it/
http://www.netshoes.com.br;https://www.netshoes.com.br/
https://www.nflshop.com;https://www.nflshop.com/
http://www.nlyman.com;https://nlyman.com/eu/mens-fashion/
http://www.nordstromrack.com;https://www.nordstromrack.com/
http://www.nowe-okulary.pl;https://123oczy.pl
http://www.nudokki.sk;https://www.nudokki.sk/
http://www.o-planet.hu;https://www.o-planet.hu/
http://www.o-shop.com;https://www.o-shop.com/
http://www.oakley.com;https://www.oakley.com/en-us
http://www.occhialando.it;https://www.occhialando.it/
http://www.oceanleiSure.co.uk;https://oceanleisure.co.uk/
http://www.oculosshop.com.br;https://oculosshop.com.br/
http://www.ofthalmos.gr;https://www.ofthalmos.gr/
http://www.ohgafas.com;https://www.ohgafas.com/es/
http://www.okularium.pl;https://okularium.pl/
http://www.okularymarkowe.pl;https://okularymarkowe.pl/
http://www.omb.pt;https://www.omb.pt/
http://www.onwardreserve.com;https://onwardreserve.com/
http://www.ophicina.com.br;https://www.ophicina.com.br/
http://www.opka.gr;https://opka.gr/en/
https://www.outdoorequipped.com;https://www.outdoorequipped.com/
https://www.outlandusa.com;https://www.outlandusa.com/
https://www.patriotoutfitters.com;https://www.patriotoutfitters.com/
https://www.persol.com;https://www.persol.com/italy
https://www.ray-ban.com;https://www.ray-ban.com/italy
https://www.revolve.com;https://www.revolve.com/VerifyHuman.jsp?url=%2Findex.jsp&source=botcfbs
https://www.rockymountainatvmc.com;https://www.rockymountainatvmc.com/
http://www.168jerseys.cn;https://www.168jerseys.cn/
http://www.aaakingdom.ru;http://www.aaakingdom.ru/
http://www.actis-voyages.fr;http://www.actis-voyages.fr/
http://www.ad-architektur.de;http://www.ad-architektur.de/
http://www.adasat.com;https://adasat.com/
http://www.adipositastag.de;https://www.adipositastag.de/
http://www.ainak.pk;https://ainak.pk/
http://www.airsoftwarfare.de;http://www.airsoftwarfare.de/
http://www.allinsunglasses.com;https://www.allinsunglasses.com/
http://www.amore.org.pe;https://amore.org.pe/
http://www.andreas-thees.de;http://www.andreas-thees.de/
http://www.antartik-records.de;https://www.antartik-records.de/
http://www.antik-schleiden.de;https://www.antik-schleiden.de/
http://www.antwerber.de;https://www.antwerber.de/
http://www.appartementfuerstd.de;http://www.appartementfuerstd.de/
http://www.arnold-joosten.de;https://www.arnold-joosten.de/
http://www.asmarkt.de;https://www.asmarkt.de/
http://www.austausch-egm.de;http://www.austausch-egm.de/
http://www.autohaus-donecker.de;https://www.autohaus-donecker.de/
http://www.autolinegmbh.de;https://www.autolinegmbh.de/
http://www.awo-westerland.de;https://www.awo-westerland.de/
http://www.ballos-and-friends.de;https://www.ballos-and-friends.de/
http://www.bauservice-exklusiv.de;https://www.bauservice-exklusiv.de/
http://www.bazaroakley.com.br;https://www.bazaroakley.com.br/
http://www.billylynn.de;http://www.billylynn.de/
http://www.blitzesauber.de;http://www.blitzesauber.de/
http://www.boutiquedesarts.fr;https://www.beauxarts.fr/
http://www.bowlingcenter-huerth.de;https://www.bowlingcenter-huerth.de/
http://www.boxerwaltrop.de;https://www.boxerwaltrop.de/
http://www.bpfgroup.de;http://www.bpfgroup.de/
http://www.brain-fisher.de;https://www.brain-fisher.de/
http://www.brandjerseys.cn;https://www.brandjerseys.cn/
http://www.brands-in-fashion.se;https://brands-in-fashion.se/
http://www.brandwholesale.ru;https://www.brandwholesale.ru/
http://www.brdcopies.ru;http://www.brdcopies.ru/
http://www.brummidienste.de;http://www.brummidienste.de/
http://www.buyreplicas.ru;http://www.buyreplicas.ru/
http://www.buytoday.pk;http://buytoday.pk/
http://www.by-nike.cn;http://www.by-nike.cn/
http://www.cardosostore.com.br;https://www.cardosostore.com.br/
http://www.carlo-baby.de;https://www.carlo-baby.de/
http://www.casapalmeras.de;http://www.casapalmeras.de/
http://www.cflabs.es;http://www.cflabs.es/
http://www.chakraflowyoga.de;https://www.chakraflowyoga.de/
http://www.chashmay.com.pk;https://www.chashmay.com.pk/
http://www.cheap-bags.ru;https://www.cheapbags.ru/
http://www.cheapjerseyschoose.com.cn;https://www.cheapjerseyschoose.com.cn/
http://www.cheapretroshoes.de;http://www.cheapretroshoes.de/
http://www.ck-contrain.de;http://www.ck-contrain.de/
http://www.co2-tshirt.de;https://www.co2-tshirt.de/
http://www.comejerseys.cn;https://www.comejerseys.cn/
http://www.convershare.es;https://www.convershare.es/
http://www.corddumrese.de;https://www.corddumrese.de/
http://www.cruise-list.de;http://www.cruise-list.de/
http://www.cupra6k.de;https://www.cupra6k.de/
http://www.decooutlet.es;http://decooutlet.es/
http://www.defstone3d.de;http://www.defstone3d.de/
http://www.diagnostiknord.de;http://www.diagnostiknord.de/
http://www.discountshoesbar.de;http://www.discountshoesbar.de/
http://www.discountshopjersey.cn;http://www.discountshopjersey.cn/
http://www.discountsneakersshoes.de;http://www.discountsneakersshoes.de/
http://www.dodax.de;https://www.dodax.de/de-de/
http://www.dprisa.store;https://www.dprisa.store/
http://www.eachsee.com;https://www.eachsee.com/
http://www.eastern-asia-trade.de;http://www.eastern-asia-trade.de/
http://www.edgarrodo.de;http://www.edgarrodo.de/
http://www.ehe-ratgeber.de;http://www.ehe-ratgeber.de/
http://www.eifel-massage.de;https://www.eifel-massage.de/
http://www.einblattpapier.de;https://www.einblattpapier.de/
http://www.elbtal-manufaktur.de;http://www.elbtal-manufaktur.de/
http://www.ergopet.de;https://www.ergopet.de/
http://www.esgibteinenweg.de;http://www.esgibteinenweg.de/
http://www.etec-t.de;http://www.etec-t.de/
http://www.eyeglassesdepot.com;http://www.eyeglassesdepot.com/
http://www.familie-schoeps.de;https://www.familie-schoeps.de/
http://www.farbberatung-kiel.de;https://www.farbberatung-kiel.de/
http://www.fashionhandbags.cn;http://www.fashionhandbags.cn/
http://www.fashionrepsfam.ru;https://www.fashionrepsfam.ru/
http://www.fassdesign.de;https://www.fassdesign.de/
http://www.fasten-saarland.de;http://www.fasten-saarland.de/
http://www.fewo-zingst-ahrens.de;https://www.fewo-zingst-ahrens.de/
http://www.fightclub-kassel.de;http://www.fightclub-kassel.de/
http://www.fliesen-miller.de;http://www.fliesen-miller.de/
http://www.flugzeug-landungen.de;https://www.flugzeug-landungen.de/
http://www.fourstyle.de;https://www.fourstyle.de/
http://www.fpv-brothers.de;http://www.fpv-brothers.de/
http://www.gafasdecolombia.com;https://www.gafasdecolombia.com/
http://www.gartentraum-in-stein.de;http://www.gartentraum-in-stein.de/
http://www.gavelock.co;http://www.gavelock.co/
http://www.gds-sasbach.de;https://www.gds-sasbach.de/
http://www.gerd-lehnert.de;http://www.gerd-lehnert.de/
http://www.germann-consult.de;http://www.germann-consult.de/
http://www.geschenke-zeitlos.de;http://www.geschenke-zeitlos.de/
http://www.getit.pk;http://www.getit.pk/
http://www.glasses.ua;https://glasses.ua:443/
http://www.glasses79.ru;http://www.glasses79.ru/
http://www.glassesmart.pk;https://glassesmart.pk/
http://www.glassinpocket.com;https://www.glassinpocket.com/
http://www.gogoyeezy.cn;https://www.gogoyeezy.cn/
http://www.golfstormers.de;https://www.golfstormers.de/
http://www.goodallstar.cn;http://www.goodallstar.cn/
http://www.grammer-solarbau.de;http://www.grammer-solarbau.de/
http://www.gutachten-rew.de;http://www.gutachten-rew.de/
http://www.hacemosweb.mx;https://hacemosweb.com.mx
http://www.hagen-voss.de;https://www.hagen-voss.de/
http://www.handy-fabrik24.de;https://www.handy-fabrik24.de/
http://www.hansische-frouwen.de;https://www.hansische-frouwen.de/
http://www.hats-kicks.cn;https://www.hats-kicks.cn/
http://www.heethey.de;https://www.heethey.de/
http://www.heimkaup.is;https://www.heimkaup.is/
http://www.helloitsme.fr;http://www.helloitsme.fr/
http://www.henschke-kanzeln.de;https://www.henschke-kanzeln.de/
http://www.holbrook.cz;https://www.holbrook.cz/
http://www.holbrook.it;http://www.holbrook.it/
http://www.hookstrades.cn;http://www.hookstrades.cn/
http://www.hosting-hier.de;https://www.hosting-hier.de/
http://www.ibyteclub.fr;https://www.cbyteclub.fr/
http://www.iconiclens.ro;https://iconiclens.ro/
http://www.ievolution.ca;https://www.ievolution.ca/
http://www.ingokempf.de;https://www.ingokempf.de/
http://www.intersearch.es;http://www.intersearch.es/
http://www.irisperschmann.de;https://www.irisperschmann.de/
http://www.jbags.cn;http://www.jbags.cn/
http://www.jerseysshowjerseys.cn;https://www.jerseysshowjerseys.cn/
http://www.jobs-aktuell-bb.de;https://www.jobs-aktuell-bb.de/
http://www.jordan-holzwelten.de;http://www.jordan-holzwelten.de/
http://www.kickzhome.ru;http://www.kickzhome.ru/
http://www.kita24-online.de;https://www.kita24-online.de/
http://www.kleinheidt.de;https://www.kleinheidt.de/
http://www.knall-trauma.de;http://www.knall-trauma.de/
http://www.knopf-saiten.de;http://www.knopf-saiten.de/
http://www.kohler-maulwurf.de;https://www.kohler-maulwurf.de/
http://www.kreuzederconsult.de;http://www.kreuzederconsult.de/
http://www.kunsthandwerk-tour.de;http://www.kunsthandwerk-tour.de/
http://www.kys-photography.de;http://www.kys-photography.de/
http://www.la-grande-cave.de;https://www.la-grande-cave.de/
http://www.lacnerayban.sk;https://www.lacnerayban.sk/
http://www.lamaisondesgalets.fr;http://www.lamaisondesgalets.fr/
http://www.langepuche.de;https://www.langepuche.de/
http://www.laptopscreen.es;https://www.todopantallas.es/
http://www.lecourtilsaintroch.fr;https://www.lecourtilsaintroch.fr/
http://www.leisurewind.ru;http://www.leisurewind.ru/
http://www.lengua.fr;http://www.lengua.fr/
http://www.lenteshop.com.ar;https://www.lenteshop.com.ar/
http://www.lloveoculosstore.com.br;https://www.lloveoculosstore.com.br/
http://www.localscreens.de;https://www.localscreens.de/
http://www.location-am-see.de;http://www.location-am-see.de/
http://www.loeserung.de;http://www.loeserung.de/
http://www.loveoculosbrasil.com.br;https://www.loveoculosbrasil.com.br/
http://www.lps-akademie.de;http://www.lps-akademie.de/
http://www.lutzkraemer.de;http://www.lutzkraemer.de/
http://www.luxurywatches.pk;https://luxurywatches.pk/
http://www.lydia-und-dirk.de;http://www.lydia-und-dirk.de/
http://www.mafoshop.de;https://www.mafoshop.de/
http://www.makitree.it;https://www.makitree.it/
http://www.marlene-blesse.de;https://www.marlene-blesse.de/
http://www.martinschuhmann.de;https://www.martinschuhmann.de/
http://www.mbeshop.de;https://www.mbeshop.de/
http://www.md-grussendorf.de;http://www.md-grussendorf.de/
http://www.med-onspace.de;http://www.med-onspace.de/
http://www.menzoptik.de;https://www.menzoptik.de/
http://www.meteoriteninfo.de;https://www.meteoriteninfo.de/
http://www.mieterberater.de;http://www.mieterberater.de/
http://www.milzundzimmermann.de;https://www.milzundzimmermann.de/
http://www.mksell.ru;http://www.mksell.ru/
http://www.mkstylish.ru;http://www.mkstylish.ru/
http://www.mluvmeostari.cz;https://mluvmeostari.cz/
http://www.modafina.com.br;http://www.modafina.com.br/
http://www.multilingualcareers.de;https://www.multilingualcareers.de/
http://www.musikhaus-fulda.de;https://www.musikhaus-fulda.de/
http://www.mywatches.com.pk;http://mywatches.com.pk/
http://www.nasto-zwerge.de;https://www.nasto-zwerge.de/
http://www.nfljerseyswholesalers.cn;https://www.nfljerseyswholesalers.cn/
http://www.ngocrayban.com.vn;http://ngocrayban.com.vn/
http://www.nowjerseys.cn;https://www.nowjerseys.cn/
http://www.o4ki.ua;https://www.o4ki.ua:443/
http://www.oakleyoutlet.cc;http://www.oakleyoutlet.cc/
http://www.oakleyoutletwebsite.us;https://www.oakleyoutletwebsite.us/
http://www.oakleysale.cc;http://www.oakleysale.cc/
http://www.oakleystore.cc;http://www.oakleystore.cc/
http://www.oakleysunglassescheap.com.co;http://www.oakleysunglassescheap.com.co/
http://www.oakleyvietnam.vn;http://oakleyvietnam.vn/
http://www.oaklstore.com;https://www.oaklstore.com/
http://www.odin-bau.de;https://www.odin-bau.de/
http://www.officialfansjerseys.cn;http://www.officialfansjerseys.cn/
http://www.officialjerseycheap.cn;https://www.officialjerseycheap.cn/
http://www.offshore-kurs.de;https://www.offshore-kurs.de/
http://www.onedayonly.co.za;https://www.onedayonly.co.za/
http://www.online-musikstunde.de;https://www.online-musikstunde.de/
http://www.onlinejerseysclub.cn;https://www.onlinejerseysclub.cn/
http://www.onlinejerseyworld.cn;http://www.onlinejerseyworld.cn/
http://www.onlinewatches.com.pk;https://onlinewatches.com.pk/
http://www.onlinewatches.pk;https://onlinewatches.pk/
http://www.open-chords.de;http://www.open-chords.de/
http://www.ostseelocations.de;https://www.ostseelocations.de/
http://www.othmar-seemann.de;http://www.othmar-seemann.de/
http://www.oticasverao.com.br;https://www.oticasverao.com.br/
http://www.ourjerseys.cn;https://www.ourjerseys.cn/
http://www.palmratgeber.de;https://www.palmratgeber.de/
http://www.parfym24.se;https://www.parfym24.se/
http://www.paulinatruchan.pl;http://www.paulinatruchan.pl/
http://www.paylessjerseyswholesale.ru;http://www.paylessjerseyswholesale.ru/
http://www.pedal-tram.de;http://www.pedal-tram.de/
http://www.pentasys-consulting.de;https://www.pentasys-consulting.de/
http://www.perfectboutique.ru;https://www.perfectboutique.ru/
http://www.perfectreplica.pk;http://perfectreplica.pk/
http://www.perfectrolex.pk;http://perfectrolex.pk/
http://www.pescafresca.es;http://www.pescafresca.es/
http://www.peter-plennis.de;https://www.peter-plennis.de/
http://www.pickjordan.cn;https://www.pickjordan23.cn/
http://www.pionierpalast-berlin.de;https://www.pionierpalast-berlin.de/
http://www.plasticmesh.de;https://www.plasticmesh.de/
http://www.platinen-design.de;https://www.platinen-design.de/
http://www.pleasantunboxing.cn;http://www.pleasantunboxing.cn/
http://www.politikaufstellung.de;https://www.politikaufstellung.de/
http://www.ponygefluester.de;https://www.ponygefluester.de/
http://www.power-of-wind.de;https://www.power-of-wind.de/
http://www.praxis-tyczynski.de;https://www.praxis-tyczynski.de/
http://www.prime-time.pl;http://www.prime-time.pl/
http://www.privatesportshop.it;https://www.privatesportshop.it/
http://www.profile-ts.com;http://www.profile-ts.com/
http://www.promobil-usedom.de;http://www.promobil-usedom.de/
http://www.pruem-wenzelbach.de;http://www.pruem-wenzelbach.de/
http://www.puggle-babys.de;http://www.puggle-babys.de/
http://www.qiqibrand.cc;http://www.qiqibrand.cc/
http://www.qsteam.pl;https://qsteam.pl/
http://www.quai-13.fr;http://www.quai-13.fr/
http://www.r-b-store.ru;https://r-b-store.ru/
http://www.rabe-energie.de;http://www.rabe-energie.de/
http://www.rabe-licht.de;http://www.rabe-licht.de/
http://www.rad-trikots.de;http://www.rad-trikots.de/
http://www.ranziundpflanzi.de;http://www.ranziundpflanzi.de/
http://www.rath-kerstin.de;https://www.rath-kerstin.de/
http://www.ray-ban-msk.ru;https://ray-ban-msk.ru/
http://www.rayban-club.ru;https://rayban-club.ru/
http://www.rayban-ukraine.com.ua;https://rayban-ukraine.com.ua/
http://www.rayban1937.ru;https://rayban1937.ru/
http://www.raybanclearancecanada.ca;https://www.raybanclearancecanada.ca/
http://www.raybanco.com.ua;https://raybanco.com.ua/
http://www.raybanecuador.com;https://raybanecuador.com/
http://www.raybanmarket.ir;https://raybanmarket.ir/
http://www.raybanshop.com.vn;https://raybanshop.com.vn/
http://www.raybanstore.com.ua;http://www.raybanstore.com.ua/
http://www.raybanwebshop.com;https://www.polaroidonline.nl/
http://www.rb-russia.ru;https://rb-russia.ru/
http://www.rbcuu.net;https://www.rbcuu.net/
http://www.rboutlet.ro;https://rboutlet.ro/
http://www.rbperu.com.pe;https://www.rbperu.com.pe/
http://www.reflexions.pk;https://reflexions.pk/
http://www.reichenberg-apotheke.de;https://www.apotree.de/
http://www.reiki-bad-nauheim.de;https://www.reiki-bad-nauheim.de/
http://www.repkick.cn;http://www.repkick.cn/
http://www.replica-watches-china.com.pk;https://replica-watches-china.com.pk/
http://www.replica-watches.pk;http://replica-watches.pk/
http://www.replicamagic.com.pk;http://replicamagic.com.pk/
http://www.replicasderelogiostop.com.br;https://www.replicasderelogiostop.com.br/
http://www.replicawatchesislamabad.pk;http://replicawatchesislamabad.pk/
http://www.replicawatchespakistan.com.pk;http://replicawatchespakistan.com.pk/
http://www.replicawatchespakistan.pk;http://replicawatchespakistan.pk/
http://www.replicawatchespro.co;http://www.replicawatchespro.co/
http://www.replicawatchkarachi.pk;http://replicawatchkarachi.pk/
http://www.rockafalles.es;http://www.rockafalles.es/
http://www.rodbiker.com.br;https://www.rodbiker.com.br/
http://www.royalwatches.pk;http://www.royalwatches.pk/
http://www.royalwatchespakistan.com.pk;http://royalwatchespakistan.com.pk/
http://www.rshop-pakistan.com.pk;https://rshop-pakistan.com.pk/
http://www.ruhnke-ferienwohnung.de;http://www.ruhnke-ferienwohnung.de/
http://www.sabinafutura.it;http://www.sabinafutura.it/
http://www.sandragarus.de;https://www.sandragarus.de/
http://www.saschamerdes.de;https://www.saschamerdes.de/
http://www.savedoan.ca;http://www.savedoan.ca/
http://www.schilling-groemitz.de;https://www.schilling-groemitz.de/
http://www.schrank-levy.de;https://www.schrank-levy.de/
http://www.schulfahrten-berlin.de;https://www.schulfahrten-berlin.de/
http://www.see-gmbh.de;https://www.see-gmbh.de/
http://www.selectocol.com;https://selectocol.com/
http://www.sellingplaza.ru;http://www.sellingplaza.ru/
http://www.sezendarek.cz;http://www.sezendarek.cz/
http://www.shashkay.com.pk;https://www.shashkay.com.pk/
http://www.shoesgooddeal.ru;https://www.shoesgooddeal.ru/
http://www.shoeshead.ru;http://www.shoeshead.ru/
http://www.shoeskicks777.ru;http://www.shoeskicks777.ru/
http://www.shoesspring.ru;http://www.shoesspring.ru/
http://www.showroom-kiev.com.ua;https://showroom-kiev.com.ua/
http://www.siemensstadt-tours.de;http://www.siemensstadt-tours.de/
http://www.sirsneaker.cn;http://www.sirsneaker.cn/
http://www.smart-teck.de;https://www.smart-teck.de/
http://www.soccertalente.de;http://www.soccertalente.de/
http://www.soleyeezy.cn;https://www.soleyeezy.cn/
http://www.sonasl.com.br;https://www.sonasl.com.br/
http://www.sprach-seminar.de;http://www.sprach-seminar.de/
http://www.steinchen-traeume.de;https://www.steinchen-traeume.de/
http://www.stephaniekremer.de;http://www.stephaniekremer.de/
http://www.stranded-pirates.de;https://www.stranded-pirates.de/
http://www.streetwearperu.com;https://www.streetwearperu.com/
http://www.studio-m-leipzig.de;https://www.studio-m-leipzig.de/
http://www.style-africa.de;https://www.style-africa.de/
http://www.sun-glasses.com.ua;https://sun-glasses.com.ua:443/
http://www.sunglasses.com.pk;http://sunglasses.com.pk/
http://www.sunglassesf.ru;http://www.sunglassesf.ru/
http://www.sunglassforme.ru;https://www.sunglassforme.shop/
http://www.sunglassoutlet.com;https://www.sunglassoutlet.com/
http://www.suntoday.us;https://www.suntoday.us/
http://www.sven-oehler.de;http://www.sven-oehler.de/
http://www.swietnaksiazka.pl;http://www.swietnaksiazka.pl/
http://www.tallnobby.de;https://www.tallnobby.de/
http://www.taschentuchkauf.de;https://www.taschentuchkauf.de/
http://www.textilzubehoer.de;https://www.textilzubehoer.de/
http://www.tgsrl.it;https://www.tgsrl.it
http://www.theater-weiskirchen.de;https://www.theater-weiskirchen.de/
http://www.theracawo.de;http://www.theracawo.de/
http://www.theusshop.com;https://www.theusshop.com/
http://www.thevintagebar.com;https://thevintagebar.com/
http://www.thomas-kossmann.de;https://www.thomas-kossmann.de/
http://www.timeflies.com.ua;https://timeflies.com.ua/ua/
http://www.timezone.com.pk;https://timezone.com.pk/
http://www.tofredensien.de;http://www.tofredensien.de/
http://www.tom-maximilian-lucas.de;http://www.tom-maximilian-lucas.de/
http://www.trade555a.cn;https://www.trade666a.cn/
http://www.tweetyforever.de;https://www.tweetyforever.de/
http://www.vicvonmont.de;http://www.vicvonmont.de/
http://www.villamarburg.de;https://www.villamarburg.de/
http://www.villavanille.fr;http://www.villavanille.fr/
http://www.wabstracts.de;https://www.wabstracts.de/
http://www.walther-beardies.de;http://www.walther-beardies.de/
http://www.watchesinpakistan.com.pk;https://watchesinpakistan.com.pk/
http://www.watchesreplica.pk;http://watchesreplica.pk/
http://www.watchestime.cn;https://www.watchestime.cn/
http://www.watchprice.com.pk;https://watchprice.com.pk/
http://www.watchprice.pk;https://watchprice.pk/
http://www.watchshop24.eu;https://www.watchshop24.eu/
http://www.watchtime.com.pk;https://watchtime.com.pk/
http://www.wbv-software.de;http://www.wbv-software.de/
http://www.weitlingviertel.de;http://www.weitlingviertel.de/
http://www.werbeagentur-hey.de;http://www.werbeagentur-hey.de/
http://www.wettig.fr;http://www.wettig.fr/
http://www.wirtschaftshypnose.de;http://www.wirtschaftshypnose.de/
http://www.wohnmobil-autoglas.de;http://www.wohnmobil-autoglas.de/
http://www.workshopag.de;http://www.workshopag.de/
http://www.www-ray-ban-i.ru;https://www-ray-ban-i.ru/
http://www.yepbrand.ru;https://www.yepbrand.ru/
http://www.yeskicks.cn;https://www.yeskicks.cn/
http://www.yimahandbags.cn;https://www.yimahandbags.cn/
http://www.yupoo-search.com;https://www.yupoo-search.com/
http://www.yves-foto.de;https://www.yves-foto.de/
http://www.zw-sachsenquelle.de;https://www.zw-sachsenquelle.de/
